<?xml version="1.0" encoding="UTF-8"?>
<project-private xmlns="http://www.netbeans.org/ns/project-private/1">
    <editor-bookmarks xmlns="http://www.netbeans.org/ns/editor-bookmarks/2" lastBookmarkId="0"/>
    <open-files xmlns="http://www.netbeans.org/ns/projectui-open-files/2">
        <group>
            <file>file:/Users/ejmcc/Documents/%23%23%202024%20%23%23/1_AULAS/2024_1/SENAI/Algoritmo_Programacao/Projetos/EstruturaRepeticao/ProjetoFiguraGeometricaCH3_I_CC/src/Interface/IFiguraGeometrica.java</file>
            <file>file:/Users/ejmcc/Documents/%23%23%202024%20%23%23/1_AULAS/2024_1/SENAI/Algoritmo_Programacao/Projetos/EstruturaRepeticao/ProjetoFiguraGeometricaCH3_I_CC/src/modelos/FiguraGeometrica.java</file>
            <file>file:/Users/ejmcc/Documents/%23%23%202024%20%23%23/1_AULAS/2024_1/SENAI/Algoritmo_Programacao/Projetos/EstruturaRepeticao/ProjetoFiguraGeometricaCH3_I_CC/src/modelos/Cilindro.java</file>
            <file>file:/Users/ejmcc/Documents/%23%23%202024%20%23%23/1_AULAS/2024_1/SENAI/Algoritmo_Programacao/Projetos/EstruturaRepeticao/ProjetoFiguraGeometricaCH3_I_CC/src/modelos/Cone.java</file>
            <file>file:/Users/ejmcc/Documents/%23%23%202024%20%23%23/1_AULAS/2024_1/SENAI/Algoritmo_Programacao/Projetos/EstruturaRepeticao/ProjetoFiguraGeometricaCH3_I_CC/src/modelos/Esfera.java</file>
        </group>
    </open-files>
</project-private>
