<?xml version="1.0" encoding="UTF-8"?>
<project-private xmlns="http://www.netbeans.org/ns/project-private/1">
    <editor-bookmarks xmlns="http://www.netbeans.org/ns/editor-bookmarks/2" lastBookmarkId="0"/>
    <open-files xmlns="http://www.netbeans.org/ns/projectui-open-files/2">
        <group>
            <file>file:/Users/ejmcc/NetBeansProjects/Java_Heranca/Aula_Heranca/ProjetoFiguraGeometricaCH2_I/src/modelos/Cone.java</file>
            <file>file:/Users/ejmcc/NetBeansProjects/Java_Heranca/Aula_Heranca/ProjetoFiguraGeometricaCH2_I/src/modelos/Esfera.java</file>
            <file>file:/Users/ejmcc/NetBeansProjects/Java_Heranca/Aula_Heranca/ProjetoFiguraGeometricaCH2_I/src/interfaces/IFiguraGeometrica.java</file>
            <file>file:/Users/ejmcc/NetBeansProjects/Java_Heranca/Aula_Heranca/ProjetoFiguraGeometricaCH2_I/src/projetofigurageometricach2_i/ProjetoFiguraGeometricaCH2_I.java</file>
            <file>file:/Users/ejmcc/NetBeansProjects/Java_Heranca/Aula_Heranca/ProjetoFiguraGeometricaCH2_I/src/modelos/Cilindro.java</file>
        </group>
    </open-files>
</project-private>
